/* TABLA RECETAS   */

insert into Recetas (id_receta, descripcion, ingredientes, tiempo_preparacion, dificultad) values (1, 'Proin interdum mauris non ligula pellentesque ultrices. Phasellus id sapien in sapien iaculis congue. Vivamus metus arcu, adipiscing molestie, hendrerit at, vulputate vitae, nisl.Aenean lectus. Pellentesque eget nunc. Donec quis orci eget orci vehicula condimentum.Curabitur in libero ut massa volutpat convallis. Morbi odio odio, elementum eu, interdum eu, tincidunt in, leo. Maecenas pulvinar lobortis est.',
					'Cras non velit nec nisi vulputate nonummy. Vivamus vel nulla eget eros elementum pellentesque.', 202, 'Media');
insert into Recetas (id_receta, descripcion, ingredientes, tiempo_preparacion, dificultad) values (2, 'Proin interdum mauris non ligula pellentesque ultrices. Phasellus id sapien in sapien iaculis congue. Vivamus metus arcu, adipiscing molestie, hendrerit at, vulputate vitae, nisl.Aenean lectus. Pellentesque eget nunc. Donec quis orci eget orci vehicula condimentum.Curabitur in libero ut massa volutpat convallis. Morbi odio odio, elementum eu, interdum eu, tincidunt in, leo. Maecenas pulvinar lobortis est.',
					'Cras non velit nec nisi vulputate nonummy. Vivamus vel nulla eget eros elementum pellentesque.', 300, 'Dificil');
insert into Recetas (id_receta, descripcion, ingredientes, tiempo_preparacion, dificultad) values (3, 'Proin interdum mauris non ligula pellentesque ultrices. Phasellus id sapien in sapien iaculis congue. Vivamus metus arcu, adipiscing molestie, hendrerit at, vulputate vitae, nisl.Aenean lectus. Pellentesque eget nunc. Donec quis orci eget orci vehicula condimentum.Curabitur in libero ut massa volutpat convallis. Morbi odio odio, elementum eu, interdum eu, tincidunt in, leo. Maecenas pulvinar lobortis est.',
					'Cras non velit nec nisi vulputate nonummy. Vivamus vel nulla eget eros elementum pellentesque.', 110, 'Facil');
insert into Recetas (id_receta, descripcion, ingredientes, tiempo_preparacion, dificultad) values (4, ' Tarta de naranja, adipiscing molestie, hendrerit at, vulputate vitae, nisl.Aenean lectus. Pellentesque eget nunc. Donec quis orci eget orci vehicula condimentum.Curabitur in libero ut massa volutpat convallis. Morbi odio odio, elementum eu, interdum eu, tincidunt in, leo. Maecenas pulvinar lobortis est.',
					'Cras non velit nec nisi vulputate nonummy.', 60, 'Facil');
insert into Recetas (id_receta, descripcion, ingredientes, tiempo_preparacion, dificultad) values (5, ' Empanadas, adipiscing molestie, hendrerit at, vulputate vitae, nisl.Aenean lectus. Pellentesque eget nunc. Donec quis orci eget orci vehicula condimentum.Curabitur in libero ut massa volutpat convallis. Morbi odio odio, elementum eu, interdum eu, tincidunt in, leo. Maecenas pulvinar lobortis est.',
					'Cras non velit nec nisi vulputate nonummy. Maecenas tincidunt lacus at velit.', 75, 'Media');
insert into Recetas (id_receta, descripcion, ingredientes, tiempo_preparacion, dificultad) values (6, 'Proin interdum mauris non ligula pellentesque ultrices. Phasellus id sapien in sapien iaculis congue. Vivamus metus arcu, adipiscing molestie, hendrerit at, vulputate vitae, nisl.Aenean lectus. Pellentesque eget nunc. Donec quis orci eget orci vehicula condimentum.Curabitur in libero ut massa volutpat convallis. Morbi odio odio, elementum eu, interdum eu, tincidunt in, leo. Maecenas pulvinar lobortis est.',
					'Cras non velit nec nisi vulputate nonummy.', 40, 'Facil');                    
insert into Recetas (id_receta, descripcion, ingredientes, tiempo_preparacion, dificultad) values (7, 'Proin interdum mauris non ligula pellentesque ultrices. Maecenas tincidunt lacus at velit. Vivamus vel nulla eget eros elementum pellentesque.','Proin interdum mauris non ligula pellentesque ultrices. Maecenas tincidunt lacus at velit. Vivamus vel nulla eget eros elementum pellentesque.TEST', 35, 'Media.');                    
insert into Recetas (id_receta, descripcion, ingredientes, tiempo_preparacion, dificultad) values (8, 'Praesent id massa id nisl venenatis lacinia. Aenean sit amet justo. Morbi ut odio.', 'In hac habitasse platea dictumst. Etiam faucibus cursus urna. Ut tellus.', 240, 'Dificil');
insert into Recetas (id_receta, descripcion, ingredientes, tiempo_preparacion, dificultad) values (9, 'Donec quis orci eget orci vehicula condimentum.', 'Aliquam quis turpis eget elit sodales scelerisque. Mauris sit amet eros. Suspendisse accumsan tortor quis turpis.', 65, 'Media');
insert into Recetas (id_receta, descripcion, ingredientes, tiempo_preparacion, dificultad) values (10, 'Pure de papas. Pellentesque eget nunc. Donec quis orci eget orci vehicula condimentum.', 'Aliquam quis turpis eget elit sodales scelerisque. Mauris sit amet eros. Suspendisse accumsan tortor quis turpis.', 33, 'Facil');
  

/* TABLA CATEGORIA_PLATO   */

insert into Categoria_platos (id_categoria, nombre, descripcion) values (1, 'blandit', 'Quisque id justo sit amet sapien dignissim vestibulum. Vestibulum ante ipsum primis in faucibus orci luctus et ultrices posuere cubilia Curae; Nulla dapibus dolor vel est. Donec odio justo, sollicitudin ut, suscipit a, feugiat et, eros.
Vestibulum ac est lacinia nisi venenatis tristique. Fusce congue, diam id ornare imperdiet, sapien urna pretium nisl, ut volutpat sapien arcu sed augue. Aliquam erat volutpat.');
insert into Categoria_platos (id_categoria, nombre, descripcion) values (2, 'adipiscing', 'Nam ultrices, libero non mattis pulvinar, nulla pede ullamcorper augue, a suscipit nulla elit ac nulla. Sed vel enim sit amet nunc viverra dapibus. Nulla suscipit ligula in lacus.
Curabitur at ipsum ac tellus semper interdum. Mauris ullamcorper purus sit amet nulla. Quisque arcu libero, rutrum ac, lobortis vel, dapibus at, diam.');
insert into Categoria_platos (id_categoria, nombre, descripcion) values (3, 'eget', 'Vestibulum quam sapien, varius ut, blandit non, interdum in, ante. Vestibulum ante ipsum primis in faucibus orci luctus et ultrices posuere cubilia Curae; Duis faucibus accumsan odio. Curabitur convallis.');
insert into Categoria_platos (id_categoria, nombre, descripcion) values (4, 'nulla tempus', 'Quisque id justo sit amet sapien dignissim vestibulum. Vestibulum ante ipsum primis in faucibus orci luctus et ultrices posuere cubilia Curae; Nulla dapibus dolor vel est. Donec odio justo, sollicitudin ut, suscipit a, feugiat et, eros.');
insert into Categoria_platos (id_categoria, nombre, descripcion) values (5, 'morbi vestibulum', 'In congue. Etiam justo. Etiam pretium iaculis justo.');
insert into Categoria_platos (id_categoria, nombre, descripcion) values (6, 'lobortis', 'Duis aliquam convallis nunc. Proin at turpis a pede posuere nonummy. Integer non velit.
Donec diam neque, vestibulum eget, vulputate ut, ultrices vel, augue. Vestibulum ante ipsum primis in faucibus orci luctus et ultrices posuere cubilia Curae; Donec pharetra, magna vestibulum aliquet ultrices, erat tortor sollicitudin mi, sit amet lobortis sapien sapien non mi. Integer ac neque.');
insert into Categoria_platos (id_categoria, nombre, descripcion) values (7, 'fermentum', 'Duis bibendum, felis sed interdum venenatis, turpis enim blandit mi, in porttitor pede justo eu massa. Donec dapibus. Duis at velit eu est congue elementum.');
insert into Categoria_platos (id_categoria, nombre, descripcion) values (8, 'rhoncus', 'Duis consequat dui nec nisi volutpat eleifend. Donec ut dolor. Morbi vel lectus in quam fringilla rhoncus.
Mauris enim leo, rhoncus sed, vestibulum sit amet, cursus id, turpis. Integer aliquet, massa id lobortis convallis, tortor risus dapibus augue, vel accumsan tellus nisi eu orci. Mauris lacinia sapien quis libero.');
insert into Categoria_platos (id_categoria, nombre, descripcion) values (9, 'consequat', 'Duis aliquam convallis nunc. Proin at turpis a pede posuere nonummy. Integer non velit.
Donec diam neque, vestibulum eget, vulputate ut, ultrices vel, augue. Vestibulum ante ipsum primis in faucibus orci luctus et ultrices posuere cubilia Curae; Donec pharetra, magna vestibulum aliquet ultrices, erat tortor sollicitudin mi, sit amet lobortis sapien sapien non mi. Integer ac neque.');
insert into Categoria_platos (id_categoria, nombre, descripcion) values (10, 'eget', 'Proin leo odio, porttitor id, consequat in, consequat ut, nulla. Sed accumsan felis. Ut at dolor quis odio consequat varius.
Integer ac leo. Pellentesque ultrices mattis odio. Donec vitae nisi.'); 

/* TABLA tipo_usuarios   */

insert into tipo_Usuarios (id_tipo, tipo, descripcion) values (1, 'administrador', 'Maecenas ut massa quis augue luctus tincidunt. Nulla mollis molestie lorem. Quisque ut erat.

Curabitur gravida nisi at nibh. In hac habitasse platea dictumst. Aliquam augue quam, sollicitudin vitae, consectetuer eget, rutrum at, lorem.');

insert into tipo_Usuarios (id_tipo, tipo, descripcion) values (2, 'usuario', 'In hac habitasse platea dictumst. Etiam faucibus cursus urna. Ut tellus.');  
/* TABLA DESCUENTOS   */
SELECT * FROM db_comidasregionales. descuentos;

insert into descuentos (id_descuento, codigo, cantidad_productos, fecha_inicio, fecha_fin, porcentaje, estado) values (1, 'VOLA742', 12, '2023-1-18', '2023-2-23', 0.32, 'activo');
insert into descuentos (id_descuento, codigo, cantidad_productos, fecha_inicio, fecha_fin, porcentaje, estado) values (2, 'HUMITA20', 2, '2023-6-3', '2023-11-16', 0.63, 'lorem');
insert into descuentos (id_descuento, codigo, cantidad_productos, fecha_inicio, fecha_fin, porcentaje, estado) values (3, 'EMPANADAS6', 15, '2023-12-1', '2023-12-30', 0.38, 'eget');
insert into descuentos (id_descuento, codigo, cantidad_productos, fecha_inicio, fecha_fin, porcentaje, estado) values (4, 'PAPAS25', 12, '2023-7-3', '2023-10-15', 0.17, 'ultrices');
insert into descuentos (id_descuento, codigo, cantidad_productos, fecha_inicio, fecha_fin, porcentaje, estado) values (5, 'PRUEBA2', 8, '2023-8-1', '2023-11-23', 0.01, 'congue');
insert into descuentos (id_descuento, codigo, cantidad_productos, fecha_inicio, fecha_fin, porcentaje, estado) values (6, 'SLUT12', 6, '2023-1-1', '2023-5-25', 0.33, 'tincidunt');
insert into descuentos (id_descuento, codigo, cantidad_productos, fecha_inicio, fecha_fin, porcentaje, estado) values (7, 'OOW23', 9, '2023-1-2', '2023-11-7', 0.2, 'turpis');
insert into descuentos (id_descuento, codigo, cantidad_productos, fecha_inicio, fecha_fin, porcentaje, estado) values (8, 'WEB23', 13, '2023-4-13', '2023-10-28', 0.38, 'quis');
insert into descuentos (id_descuento, codigo, cantidad_productos, fecha_inicio, fecha_fin, porcentaje, estado) values (9, 'INVITADO1', 11, '2023-10-1', '2023-11-14', 0.36, 'desactivado');
insert into descuentos (id_descuento, codigo, cantidad_productos, fecha_inicio, fecha_fin, porcentaje, estado) values (10, 'SOS34', 9, '2023-1-19', '2023-10-27', 0.08, 'porta');
insert into descuentos (id_descuento, codigo, cantidad_productos, fecha_inicio, fecha_fin, porcentaje, estado) values (11, 'SOS34', 9, '2023-1-19', '2023-10-27', 0.08, 'porta');

/* TABLA USUARIOS  */
SELECT * FROM db_comidasregionales. usuarios;

insert into usuarios (id_usuario, DNI, Nombre, Apellido, Fecha_Nacimiento, Direccion, Foto_usuario, Email,Contraseña, tipo_usuario) values (1, 690108128, 'Misty', 'Alster', '1977-10-1', '4th Floor', 'https://robohash.org/consequaturnullaeius.png?size=50x50&set=set1', 'malster0@nba.com','410FE', 2);
insert into usuarios (id_usuario, DNI, Nombre, Apellido, Fecha_Nacimiento, Direccion, Foto_usuario, Email,Contraseña, tipo_usuario) values (2, 612036689, 'Vance', 'Dalby', '1970-1-18', 'Suite 44', 'https://robohash.org/temporequiasit.png?size=50x50&set=set1', 'vdalby1@is.gd','5210pop', 1);
insert into usuarios (id_usuario, DNI, Nombre, Apellido, Fecha_Nacimiento, Direccion, Foto_usuario, Email,Contraseña, tipo_usuario) values (3, 426780270, 'Fanya', 'Lillecrap', '2020-4-1', 'Suite 49', 'https://robohash.org/minusdignissimosaccusamus.png?size=50x50&set=set1', 'flillecrap2@people.com.cn','1023pili', 2);
insert into usuarios (id_usuario, DNI, Nombre, Apellido, Fecha_Nacimiento, Direccion, Foto_usuario, Email,Contraseña, tipo_usuario) values (4, 489609528, 'Morgana', 'Treagus', '2003-2-17', 'Suite 21', 'https://robohash.org/autnumquamratione.png?size=50x50&set=set1', 'mtreagus3@google.es','10pol', 1);
insert into usuarios (id_usuario, DNI, Nombre, Apellido, Fecha_Nacimiento, Direccion, Foto_usuario, Email,Contraseña, tipo_usuario) values (5, 598391490, 'Rhys', 'Dibner', '1989-11-10', 'Apt 376', 'https://robohash.org/aautconsequatur.png?size=50x50&set=set1', 'rdibner4@vk.com','pilu11', 2);
insert into usuarios (id_usuario, DNI, Nombre, Apellido, Fecha_Nacimiento, Direccion, Foto_usuario, Email,Contraseña, tipo_usuario) values (6, 170443938, 'Rozalin', 'Izzat', '1992-7-11', 'Apt 1406', 'https://robohash.org/minimarerumquis.png?size=50x50&set=set1', 'rizzat5@hatena.ne.jp','pol2', 2);
insert into usuarios (id_usuario, DNI, Nombre, Apellido, Fecha_Nacimiento, Direccion, Foto_usuario, Email,Contraseña, tipo_usuario) values (7, 385168383, 'Janina', 'Meaders', '1999-9-9', 'Room 458', 'https://robohash.org/magnietquia.png?size=50x50&set=set1', 'jmeaders6@hhs.gov','clave2', 2);
insert into usuarios (id_usuario, DNI, Nombre, Apellido, Fecha_Nacimiento, Direccion, Foto_usuario, Email,Contraseña, tipo_usuario) values (8, 748347785, 'Donny', 'Bakes', '1965-12-3', 'Room 102', 'https://robohash.org/itaquedignissimosaccusantium.png?size=50x50&set=set1', 'dbakes7@mail.ru','sorte2', 1);
insert into usuarios (id_usuario, DNI, Nombre, Apellido, Fecha_Nacimiento, Direccion, Foto_usuario, Email,Contraseña, tipo_usuario) values (9, 719920782, 'Lock', 'Khosa', '1989-8-5', 'Apt 1984', 'https://robohash.org/nonvoluptaseligendi.png?size=50x50&set=set1', 'lkhosa8@aboutads.info','ten2', 2);
insert into usuarios (id_usuario, DNI, Nombre, Apellido, Fecha_Nacimiento, Direccion, Foto_usuario, Email,Contraseña, tipo_usuario) values (10, 930716452, 'Sandro', 'Adess', '1986-5-15', '2nd Floor', 'https://robohash.org/utfugiatrepellendus.png?size=50x50&set=set1', 'sadess9@wsj.com','labyrinth2', 2);

/* TABLA PLATOS  */
SELECT * FROM db_comidasregionales.recetas;

insert into platos (id_plato, nombre, descripcion, imagen, precio, receta_id, categoria_id) values (1, 'vel', 'Sed ante. Vivamus tortor. Duis mattis egestas metus.Aenean fermentum. Donec ut mauris eget massa tempor convallis. Nulla neque libero, convallis eget, eleifend luctus, ultricies eu, nibh.', 'data:image/png;base64,iVBORw0KGgoAAAANSUhEUgAAABAAAAAQCAYAAAAf8/9hAAAABGdBTUEAAK/INwWK6QAAABl0RVh0U29mdHdhcmUAQWRvYmUgSW1hZ2VSZWFkeXHJZTwAAAJ8SURBVDjLpZNLaFwFFIa/O8m0lTxm2hJHU61Omuk0M2o1aBOl1a3QkKXQlWRhXImCGxWkCxVCobhQcGFwJeJKKIgQQSFqrWBS0zRFE2xTOiZpHpMmITNzc+95dBHQlKTZeDYHDvwf5/GfwN35P1G/U/GDsXcnzLSoaq6q333U/XHP/QCJ7eJ3DmAU8415cs25QFS7d+tgG+D9pweWI4kqscdUogoiMr4bIHB3PrzynpspqoZuZu/YfywQE67Mja+KqKpqQkQY7P1y/7YdqClHG3KYG+aOY4Ga4Q6FlkJKXXE31qeHmfzqjNc1PkllaZggnHl1E6CKumFuzK7fYiVcQVwwdxJBHWbOS3uhK/0ED7SfIpV9hpXpPH99P3huEyDKxNIEzckUmYZWFqtLqOvmOL7BUVngZEsXTY88y/L1P9kTRDQ1P0TjwcOpYKsP3vrxdS+0FJgoj6FmmCuP2x1ea+0k3fYyG3NfUysHLExWWQ1DErVq/p4riCjqiqgiJhyOy/Q/fJz0kdOEs58TJO+QbGyCqMSn1X947o1vpuoB3vyh30WU9L40akbsMa3lefqOnCDV3ks48xmJpBCtZSkNX+J8HFEy++8KIkox04HiTK/doCtq4Pl0Jw8WTxPdHqRujxOuPsbsT79RX6tmv3j70s17jBSLICh/LIyQnVnnhSCD+qPMXf0EI6SyfIhbF0c5G4fkt4j/BUgsqBnFg0+RKc1SONnP3tIvTF24yNjQMqNDPzOUzXFbbednEhF+nxpBVKlenye69i3Z46dYXSzz9+VrXMgdsrmrl2tqurajlbfGKy8eqHW2ZepPdGTx5MavtYXFvp6B8Rv3+4W77h1o9knDsw0AAAAASUVORK5CYII=', 46145.517, 1, 4);
insert into platos (id_plato, nombre, descripcion, imagen, precio, receta_id, categoria_id) values (2, 'donec quis', 'Praesent id massa id nisl venenatis lacinia. Aenean sit amet justo. Morbi ut odio.

Cras mi pede, malesuada in, imperdiet et, commodo vulputate, justo. In blandit ultrices enim. Lorem ipsum dolor sit amet, consectetuer adipiscing elit.', 'data:image/png;base64,iVBORw0KGgoAAAANSUhEUgAAABAAAAAQCAYAAAAf8/9hAAAABGdBTUEAAK/INwWK6QAAABl0RVh0U29mdHdhcmUAQWRvYmUgSW1hZ2VSZWFkeXHJZTwAAAJ6SURBVDjLpZNZSNRRGMV//2XGsjFrMg2z0so2K21xIFpepYUiAsGIICLffI8eWiBBeg3qQV+KwBYKLB8qpHUmrahcKLc0QsxldNSxdPz/79LD1ChBUXTh8sG93POdc75zDa01/7NsgGvPR09rzQmpVZZSCqlAKIWUCqk0QqoZWyKFRir1uvxIbsAGUFqXHQqkpP1L57M3Pm5MMJBKpQHUdF9BKIGQAlcJXOlOVykSdye3leO6MmkGQNyHw+uO/1X3bzGBK+S0B1IqAKqDg3986HeCZPffwvJtoNT7lOZLvUdtAPEDAKBkRzo3QwMUb89InN1uGGD3spdE214xe8MRUnM2MfppNW0Pqy7YAK5UKK2xLbhdP4hlmdxpGMQwwQT8ziNiI534c7cT6WrFazikzF2Eb8HS1IQEDdiWwcHAQmpehTkQSAcgNvSMiYFW5uUUMdV3HW+ywefGNqITJsbUUL75k4FWYJtQ+yaMZcXrk1ANk/33mbdiD7EvlRieETy+FJLkMFcjRRSW3emIAwiF1hqPBfu2LGSWbbA1uZ41SfWkrtxPrPcypsfFiWYzFGzGKTjFV28WEJeIUHETLdOgrmkI1VdHpCdEet5enP4qLK9mKrqMgedv6cyrAP+qxOTiUxAi7oEJi8frELoFoTLpa7nI/HQvscgSRt+0kV1SSW7qYtp7xrBMphm4Mi5h/VIfTcEq1u0oJaknSEdNiMYHET7UvcMpPEN31Ed7zxgASmk1I0g6dK66s8CRak5mVxjnfS05+TsZCw/T9baTx1nnGb47DrQksjE6HrsHYPz6nYt3+Sc3L8+wA2tz0J6pF5OD4WP7Kpq7f5fO79DfSxjdtCtDAAAAAElFTkSuQmCC', 2401.921, 2, 9);
insert into platos (id_plato, nombre, descripcion, imagen, precio, receta_id, categoria_id) values (3, 'donec', 'In quis justo. Maecenas rhoncus aliquam lacus. Morbi quis tortor id nulla ultrices aliquet.

Maecenas leo odio, condimentum id, luctus nec, molestie sed, justo. Pellentesque viverra pede ac diam. Cras pellentesque volutpat dui.', 'data:image/png;base64,iVBORw0KGgoAAAANSUhEUgAAABAAAAAQCAYAAAAf8/9hAAAABGdBTUEAAK/INwWK6QAAABl0RVh0U29mdHdhcmUAQWRvYmUgSW1hZ2VSZWFkeXHJZTwAAAK4SURBVDjLjZPrT1JhHMfPq/NH+K6ty2bhJcswzUa2hTMaEmCsZmWuUU0HQuAVEWHMgCnLy2yOhiOKIs0L08ByXgab1TTRNlO7ULwylTOZ9iL9djiVrdLmi++bZ7/P5znP93kOAYDYKt1F+0k6cR4ZK86jSCS3m9sW7pGxwh5FwlqfOmnNW34w7NUcInck6Ck+QNJgZNjExYTzOl67iuG/nQuf7kjEp2eT/xV45AlknyopMmLJweRDGR05Jt1KBDvLMdoiRp8uLeKpTiO3FHiUiWR/WTI12sBD8JEC/kYBvLXpeGrIwHCTGOPuKgxYRXCXsan7ilTyD0G/Opn0lqdQfisfwccq+JuEGKjjYHpqkklvLQc+iwiBe2p06/mwSVOo5kvJjISgCyLpgij/bQGCHWX0p4rgNZ7AyxdjWFxcxPLyMuZmZ+BUHUOHlodnd26g/eYpmIQsSn86niR81akBf9PZn+fMo+EsTIy/wtLSEgP/yuzbGbQUsnFXdhJd5gtoLMxAOWdvgKCb5Xr1aevDzXno0WZufHg3t7nz3/n08T1qclhouHgUZZl71ulwfxRYncZ9omGPWOstG6urq8ywUqmESqWCWq1GaWkpsxaNRmEx3YKaEz8Vg/+5RpPJtEJRFDMcA1tbW9HW1obKyspNQUwqkUj2bfkODAbDSiQSYYYrKipgs9lgt9tRU1OzKZDL5RAKhb8FRc8vJxR0nTsvtvMGxBb+N8dQO2ISjUYDh8MBp9MJWsysPXhjR0GnBGIbbzrbytGmaw/zCRr+LOu9iqrBEhT1FqDAmo9wOAydTgeXywW32426ujqEQiFoBlSoH9NDO6REvkOERFl8lKB3HqRtIdoWOC5Lp3jXchakUum80WhkQLoXmM1mCASC+dySMwvZtVlf0zWpYzT8ZfeVXYPEdr/pTvMdjX2sh+52/VQAAAAASUVORK5CYII=', 10129.857, 3, 5);
insert into platos (id_plato, nombre, descripcion, imagen, precio, receta_id, categoria_id) values (4, 'ut volutpat', 'Pellentesque at nulla. Suspendisse potenti. Cras in purus eu magna vulputate luctus.

Cum sociis natoque penatibus et magnis dis parturient montes, nascetur ridiculus mus. Vivamus vestibulum sagittis sapien. Cum sociis natoque penatibus et magnis dis parturient montes, nascetur ridiculus mus.', 'data:image/png;base64,iVBORw0KGgoAAAANSUhEUgAAABAAAAAQCAYAAAAf8/9hAAAABGdBTUEAAK/INwWK6QAAABl0RVh0U29mdHdhcmUAQWRvYmUgSW1hZ2VSZWFkeXHJZTwAAAJcSURBVDjLpZPtT5JhFMafrW997I9rscA+FFu2QRurtlw5cQ4InLpwBogIPNFSiNJ4C+JVkj0QTBHQKFPQlJfwlanY1tXz3ARkn2jd27Wz++yc33XOvd0UAOp/RNGR/X5zeH9rOlTDVKAK3fsqJrxlqN27GHPuYHh+G4rXRQzZNjEws47Hli/oo/PxNsAU3qvWT3/gX3TPuHrWBhiC30nSktXDtKLB1NI4NKkxqBMqjDByPFkcxNBCPwbCfXgUeEBq705m0AZM+qsk2e3hau88W+4ANOy+XPLFQrkrcbW31KkOYJx9rBaAOzPR0gVHW6x593q9cDgcqB6e4sZoogMYdXzD0ck5ZhfLsHGKVfAqVoadKcMdzcLr82PuwwZCoRACgQCWVzdhoK2gaVpDAMNzWzhkAXamQpze/I4t13w+j2AwiFwuh7W1NXg8HmQyGSgUCshkssuU3F7AQf0c84kK3n68KFc4hXQ6DavVCqlUCqVSSdaIx+NQq9UGMsHg7Ab2jxtwp5rOvqUqia3CUqnEObWn0mp1KBaLcLlckMvloPpfrhOAl230/SGLxQK3241CoQC9Xg9nskKk1emQzWZZkBZCoRBU3/NP2GMBgXTTObjSjI1GA8lkEgzDwO/3E4iObXY6nYhEIhCJRHoWcIW6b1pF7egMlYNT7NROUKzU8XX3GJ+3D2E0GgmAm4Zbh2s0mUyIRqMcAGKx+BIlMeSiYu1K/fbEMm4+TaFnJIHrSgZX5TFIZNPo7e1Fj9QOs9kMlUqFaw9pCASCnzwe7x15xG6/rUQiAZ/Px9/5XyhZOMVGKlOdAAAAAElFTkSuQmCC', 11315.22, 4, 3);
insert into platos (id_plato, nombre, descripcion, imagen, precio, receta_id, categoria_id) values (5, 'fringilla', 'Donec diam neque, vestibulum eget, vulputate ut, ultrices vel, augue. Vestibulum ante ipsum primis in faucibus orci luctus et ultrices posuere cubilia Curae; Donec pharetra, magna vestibulum aliquet ultrices, erat tortor sollicitudin mi, sit amet lobortis sapien sapien non mi. Integer ac neque.

Duis bibendum. Morbi non quam nec dui luctus rutrum. Nulla tellus.', 'data:image/png;base64,iVBORw0KGgoAAAANSUhEUgAAABAAAAAQCAYAAAAf8/9hAAAABGdBTUEAAK/INwWK6QAAABl0RVh0U29mdHdhcmUAQWRvYmUgSW1hZ2VSZWFkeXHJZTwAAAJSSURBVDjLnZPPaxNBFMe/s0mTVJuWtI21JFhB60UUKmJB8aJo8WBBRREEb179Azx7EepBvVjBmygeKpaCYIV6EhHxJBTspRRj1Cpq22R/zMzO+J1JA8VLpcMub3ZmPu9935u3wlqLrYyxhycuKq0ng/85fHXmUvXy1LljG+Bxwk8qA4MlsZkCwnulVPullM+k0mNKqQLh5zvLOzJLtdrapgoIlwhPVcuVgPAs4emhStXD3D4kbsw+8hKMNTCpQWr40qpUQ8kUiVIIdQ22cwE9xSIaYYjP9WUEyVFo1YlsbuU0Roc7N8S00MbSSctqWqUtFlff4fXSBKwROLPrLnJiAA/mviPbxlZDzehYhwykB42HJa3VBzDSfcuv//hdQm+XQdTQLQeGhTx1sIjp938wfrgH+Y7ACeFjMV+L8ebTGs4f6cfTt8CF0T5MzHxBoUPARIqpaO0j5bOC+RoP33+1DCGA2zNfUe3rwL7BPCq9OWzPBdhdzqMZp4h41jSpoJloxM4BPV453odsIODW3PU2khSsKWvU5QQhJtQgHPriBrDNFEEjskgk8+F758U3n28YGw+4SCkdfVwKsVAPCaVwbRPRQawsTCIRrEQSMWG30YoMRtbr306Bxb2Xdfxc015B97YMJq8NQ3FuEwtx8ua8PTtSQu1XAsnFhAoS1aq8m0t/E63bUL4/Wtc71J/H3ONFZFfp2UkqFjKQrENBCag8D2laHUAZ6yHXXPTjG82pa/8BYs/1DzaOKNnnxE3p5k5eyj6mJei/qcBX9J8htvo7t8dfFzerp+lA/ogAAAAASUVORK5CYII=', 9194.763, 5, 5);
insert into platos (id_plato, nombre, descripcion, imagen, precio, receta_id, categoria_id) values (6, 'placerat praesent', 'Cum sociis natoque penatibus et magnis dis parturient montes, nascetur ridiculus mus. Vivamus vestibulum sagittis sapien. Cum sociis natoque penatibus et magnis dis parturient montes, nascetur ridiculus mus.', 'data:image/png;base64,iVBORw0KGgoAAAANSUhEUgAAABAAAAAQCAYAAAAf8/9hAAAABGdBTUEAAK/INwWK6QAAABl0RVh0U29mdHdhcmUAQWRvYmUgSW1hZ2VSZWFkeXHJZTwAAALzSURBVBgZpcFdSN11GMDx7/+cv06Px3ePujrqNHG6RYxazbEaxdquuinoIiLqtoIQ1nUrogiqXdTdroLIIroJ2l1GDW0uNzWcHdGpO2tTm1M3X875v/ye5+kIuwi6Cfp8PDPj//Bf+OB8XbYp/UtNqjyLeWCKmCFxTBjGxHFMFISEYYgrhkhQJCoG3F3dWMrnFp71O5qrp44ebMt2tjSwS83YJWqoGmKGiCJqiAiiRizC+OQfDT+Hmzn/wcaqbCaVZDa/ghPhytR1+h/rZWxilkMPt+NiZeLqdfr69jE8PEXbvmZElJ5sLZnWvfW+54GaUZb0WN9WCs6jIGWsF2J+Gp1DRFFLEFFJ6JWzdmeTjmw9ThXP8/De/fJXS7giCTW8RJKjj+5nIypHVBE1VMGJ4lSp8QsMDY0Rbq/hopjVW5v4l6bzr/Rm7KPG2qpkJpNtSZZXektzOZZW1oic4JwgosQCJ595gu4DXTo/vTW1vLWp13K/nfXMjF1vnv1h8MgjnS/1dnVQm06xvznBP7311XGCeJvu1KdMjM2c//rj15+jJEHJi+9/395Yl36+JdNIJJDew7+ELibb1Mf4xhv41bXHuM9/+vQ3XlrD73qf7KnA88FLUFPhMTB4HDNHpI7IOR6o76av9QhbwQ6/F0/XHT4x+t7loc/OeGbG2+cuyInHexJ/bRmdrdUc604zMNjPyYOvIqaICoqxcu8m9VXNXFz4kSs3LhC4sM6nJIg0sXznLvPLOwRhE0Oj0wQaIabk1+aI1eE0JpaYzXCLQ21PsR0XuLQ4vOZT4uKYWJTIOWYWbiJqBGUBThwtNe04FcSU5Xs3aEi3Mv7nCKOz41Y0DvuUBFFEsRjR1rQHcT5qxq3VkC8ufkKkEYGLeKjpAP1dpxjLDzNybYzmuZfjkW/PTfqULE5enSncXu0tq6hCxaGqJOMzpFxEhTNqTBgvDuAlKhnJXWZv/jXW59c/p8QzM/6Lrne8HdFkqqjSdftDW+S+vwHrxbCSH7ilcAAAAABJRU5ErkJggg==', 36856.853, 6, 3);
insert into platos (id_plato, nombre, descripcion, imagen, precio, receta_id, categoria_id) values (7, 'risus semper', 'Sed ante. Vivamus tortor. Duis mattis egestas metus.

Aenean fermentum. Donec ut mauris eget massa tempor convallis. Nulla neque libero, convallis eget, eleifend luctus, ultricies eu, nibh.', 'data:image/png;base64,iVBORw0KGgoAAAANSUhEUgAAABAAAAAQCAYAAAAf8/9hAAAABGdBTUEAAK/INwWK6QAAABl0RVh0U29mdHdhcmUAQWRvYmUgSW1hZ2VSZWFkeXHJZTwAAAI4SURBVDjLhVPNaxNREJ8k2yxuDMGEkGi0QltREC9+HQQPKl5EkBz8D7xI/QDxIh4KpeA5lII3IbeAF6UKHjU5SS2op1JKTFiN5GOD6WY/s/t8M5u3bkvBWWZneJn3m99vdhJrNBqrjLEH3MH3fRBRuOd55NN8qVwuL0PU6vX6N13X2f+s3++zWq1WxwZRlxAZbf37CBiP/IzcxwL4l1+bZcRkvxGAG2DAscxMAIAPRaBXS3NIguu6VNdefHoPDPP97Ku1X1KAynXzwuGuBdudMSiHkmHnoxmJxwRdnEwm0L7/5HkK3BV9bGzwo0uBhKmeTEqGCwvyHimYDwcBgxPq7yKMjTe2Y68cjnsXf1y/s0gMEjEAj1e2h+4e/X5kHv6Xr3C+rS7ounHbNa3HcpJVYGw+JADsfuuMHGok6VNWaMmkDNrnFEx2deAMXpz88DrWvHyzApZ1WkJdwhzHgW63C5qmEeVsNgv5fJ4D8JkguGEBGxtBsWECs20gAPEp8bKqquFC8f2gPJ1Og692QHIdYIb1rHn2yqO0IsHoj70VFwywcDAYUCyVSuQI0uv1KMZuXIVP2SM7YJrrM75XYY4NYNmr8agE0VloF/MRM9mcP95hln1XTjAY/RxuzPW21iQcnJCAmpF2q9UKgfBMAGCzuebm0k7uVAecyVvaxCgDHBh25XtPF3K5HBSLxRBAfKX5wfbLcJXxEH9UFIW8UCjAQYY1B/4XOIOP1Wr1HDLBgmgUecTf7Qf4C2kj+HVimC2aAAAAAElFTkSuQmCC', 49572.734, 7, 5);
insert into platos (id_plato, nombre, descripcion, imagen, precio, receta_id, categoria_id) values (8, 'maecenas rhoncus', 'Proin interdum mauris non ligula pellentesque ultrices. Phasellus id sapien in sapien iaculis congue. Vivamus metus arcu, adipiscing molestie, hendrerit at, vulputate vitae, nisl.', 'data:image/png;base64,iVBORw0KGgoAAAANSUhEUgAAABAAAAAQCAYAAAAf8/9hAAAABGdBTUEAAK/INwWK6QAAABl0RVh0U29mdHdhcmUAQWRvYmUgSW1hZ2VSZWFkeXHJZTwAAALtSURBVDjLbVPtS1NxFD73Nid6R7o13XxpY8WgJWTIPhQskMj+AKFvQpB+HtYHIUd9EJQC8R8YftoQhNk/kGStNV+a1cSyMXQ5tcbm1DX3du/93ds5FxQlL5wxfr/zPOd5nnMvp6oqXPTEYrFBWZYHGGMgSVKwt7d3+qI+7izB2tqaCwF7WMcIzthstha6X1payjU2NlrxzIBkHf39/RsnGP4M2I/AdWxKYJMFi9VqNaDS6/WMzkRRTGCtB4NB/zmCeDzuEwRhyG6380ajkSYlsSzVahUqlQooikKESby3ohXebDYPTU5O+girox9k5TOZDHnhaKLFYhF4nifv2hSXy0XnAt1tb29DOBxWkZw/l0E0Gh1vamoapakUXKFQgHQ6DXV1deBwOECn02mE5XKZ7E6MjIxoCjgMaBXltmIJVqvVWCqV4PDwkAgX8f/L+vp6QFtjbrf7Lg1Dq7CwsHCIZCXEZLlIJMKcTiefz+ehWCxqEzc2NiCVSvX5fL55muL3+x/8aJx5W5IK8KjjNRgMBrIJU1NTCk+yyBuyadJpCjWgndP1Uk9VFqHT7ILpLS9lBqSU7HCBQGB1f3+/FWUK3d3dRkod1waBxFNMX2SiIoMkM77d5ORudXpg5dc7iO8sw5WV3l0kzp6GODc3N97W1jZKSiiwma1n0Nf1GJiqAFMYKKBCprALRqEVFrfmYTX9QUZVem2NoVDoBbI9b25uhqOjI00BSSbwdj4JEqqQFQkkJsHfWhFuX70Hx1JZt5yKVDUCzEDBDXANDQ30UsHm5mapaq0KMpPBctmGYKaR/SmkwWSwwpedT7Cc+JwrA9hPLYyNjfkPDg6eYDhZk8nUk3SEftcwLFERoYJqrptvwp1rDyGWjkJ4/eNBia+0/55Qa+c+puHhYRda2UMrx7j/jMfjaaG0Z2dnc99uzHBu231z+Of77/iq9SBY/O9rPPt4vd7BXC43QCvmOC74tevNK6ZcMlcUVpedUOWTvn/PQ+bC95cxOwAAAABJRU5ErkJggg==', 43147.385, 8, 10);

/* TABLA CARRITOS */
SELECT * FROM db_comidasregionales.carritos;

insert into carritos (id_carrito, usuario_id) values (1,  4);
insert into carritos (id_carrito, usuario_id) values (2,6);
insert into carritos (id_carrito, usuario_id) values (3, 7);
insert into carritos (id_carrito, usuario_id) values (4, 8);
insert into carritos (id_carrito, usuario_id) values (5,9);
insert into carritos (id_carrito, usuario_id) values (6,  7);
insert into carritos (id_carrito, usuario_id) values (7, 5);
insert into carritos (id_carrito, usuario_id) values (8, 2);
insert into carritos (id_carrito, usuario_id) values (9, 7);
insert into carritos (id_carrito, usuario_id) values (10, 5);

insert into art_carrito(id_listado, cantidad, importe, plato_id, carrito_id) values (1,5,785.52,1,1);
insert into art_carrito(id_listado, cantidad, importe, plato_id, carrito_id) values (2,2,152.20,3,1);
/* TABLA VENTAS */
SELECT * FROM db_comidasregionales.ventas;

insert into ventas (id_venta, detalle, fecha, subtotal, total,descuento, carrito_id, descuento_id) values (1, 'Etiam justo. Etiam pretium iaculis justo. In hac habitasse platea dictumst. Etiam faucibus cursus urna. Ut tellus. Nulla ut erat id mauris vulputate elementum. Nullam varius. Nulla facilisi. Cras non velit nec nisi vulputate nonummy.', '2023-5-23', 85671.79, 0.29, 462423.17, 4, 1);
insert into ventas (id_venta, detalle, fecha, subtotal,total, descuento,  carrito_id, descuento_id) values (2, 'Nullam varius. Nulla facilisi. Cras non velit nec nisi vulputate nonummy. Maecenas tincidunt lacus at velit. Vivamus vel nulla eget eros elementum pellentesque. Quisque porta volutpat erat.', '2022-7-10', 21265.48, 0.24, 859737.31, 4, 5);
insert into ventas (id_venta, detalle, fecha, subtotal,total, descuento,  carrito_id, descuento_id) values (3, 'Vestibulum ante ipsum primis in faucibus orci luctus et ultrices posuere cubilia Curae; Mauris viverra diam vitae quam. Suspendisse potenti. Nullam porttitor lacus at turpis. Donec posuere metus vitae ipsum. Aliquam non mauris. Morbi non lectus. Aliquam sit amet diam in magna bibendum imperdiet.', '2022-9-6', 91354.41, 0.49, 318137.48, 3, 9);
insert into ventas (id_venta, detalle, fecha, subtotal,total, descuento,  carrito_id, descuento_id) values (4, 'Nullam sit amet turpis elementum ligula vehicula consequat. Morbi a ipsum. Integer a nibh. In quis justo. Maecenas rhoncus aliquam lacus. Morbi quis tortor id nulla ultrices aliquet. Maecenas leo odio, condimentum id, luctus nec, molestie sed, justo. Pellentesque viverra pede ac diam. Cras pellentesque volutpat dui. Maecenas tristique, est et tempus semper, est quam pharetra magna, ac consequat metus sapien ut nunc.', '2020-9-9', 62988.91, 0.79, 408444.57, 5, 3);
insert into ventas (id_venta, detalle, fecha, subtotal,total, descuento,  carrito_id, descuento_id) values (5, 'Morbi a ipsum.', '2023-11-10', 41766.11, 0.46, 394013.95, 6, 3);
insert into ventas (id_venta, detalle, fecha, subtotal,total, descuento, carrito_id, descuento_id) values (6, 'Suspendisse potenti. Cras in purus eu magna vulputate luctus. Cum sociis natoque penatibus et magnis dis parturient montes, nascetur ridiculus mus. Vivamus vestibulum sagittis sapien. Cum sociis natoque penatibus et magnis dis parturient montes, nascetur ridiculus mus.', '2023-3-5', 77437.79, 0.8, 265146.74, 8, 3);
insert into ventas (id_venta, detalle, fecha, subtotal,total, descuento,  carrito_id, descuento_id) values (7, 'Proin interdum mauris non ligula pellentesque ultrices.', '2023-10-2', 87026.5, 0.37, 147296.03, 10, 10);
insert into ventas (id_venta, detalle, fecha, subtotal,total, descuento,  carrito_id, descuento_id) values (8, 'Donec quis orci eget orci vehicula condimentum. Curabitur in libero ut massa volutpat convallis. Morbi odio odio, elementum eu, interdum eu, tincidunt in, leo. Maecenas pulvinar lobortis est. Phasellus sit amet erat. Nulla tempus. Vivamus in felis eu sapien cursus vestibulum. Proin eu mi. Nulla ac enim.', '2023-10-11', 95285.89, 0.4, 612492.37, 7, 1);
insert into ventas (id_venta, detalle, fecha, subtotal,total, descuento,  carrito_id, descuento_id) values (9, 'Vivamus tortor. Duis mattis egestas metus. Aenean fermentum.', '2023-8-8', 20538.15, 0.39, 232678.43, 6, 3);
insert into ventas (id_venta, detalle, fecha, subtotal,total, descuento,  carrito_id, descuento_id) values (10, 'Proin at turpis a pede posuere nonummy. Integer non velit.', '2023-4-15', 59514.52, 0.48, 656620.39, 9, 3);

